trial,testing,parameters,initial_deadline,final_deadline,net_reward,actions,success
1,False,"{'a': 0.4, 'e': 1.0}",25,0,-123.37319686651456,"{0: 14, 1: 5, 2: 4, 3: 0, 4: 2}",0
2,False,"{'a': 0.4, 'e': 0.9210609940028851}",20,0,-142.44435706572997,"{0: 11, 1: 3, 2: 2, 3: 2, 4: 2}",0
3,False,"{'a': 0.4, 'e': 0.6967067093471654}",20,4,-69.03243376327501,"{0: 10, 1: 1, 2: 4, 3: 0, 4: 1}",1
4,False,"{'a': 0.4, 'e': 0.3623577544766734}",20,0,-85.31195829025022,"{0: 15, 1: 2, 2: 1, 3: 0, 4: 2}",0
5,False,"{'a': 0.4, 'e': 0.029199522301288815}",20,6,9.925967038667318,"{0: 13, 1: 0, 2: 1, 3: 0, 4: 0}",1
6,False,"{'a': 0.4, 'e': 0.4161468365471424}",20,0,-84.56521081581576,"{0: 14, 1: 0, 2: 4, 3: 1, 4: 1}",0
7,False,"{'a': 0.4, 'e': 0.7373937155412458}",30,0,-94.76103215098722,"{0: 24, 1: 2, 2: 1, 3: 1, 4: 2}",0
8,False,"{'a': 0.4, 'e': 0.9422223406686583}",25,0,-212.08507161085709,"{0: 12, 1: 1, 2: 8, 3: 1, 4: 3}",0
9,False,"{'a': 0.4, 'e': 0.9982947757947531}",20,0,-116.68036970197682,"{0: 12, 1: 4, 2: 1, 3: 1, 4: 2}",0
10,False,"{'a': 0.4, 'e': 0.896758416334147}",30,0,-285.119993617235,"{0: 13, 1: 5, 2: 6, 3: 1, 4: 5}",0
11,False,"{'a': 0.4, 'e': 0.6536436208636119}",20,0,-44.007269523686254,"{0: 16, 1: 0, 2: 2, 3: 2, 4: 0}",0
12,False,"{'a': 0.4, 'e': 0.30733286997841935}",20,3,-6.848835840796579,"{0: 14, 1: 2, 2: 1, 3: 0, 4: 0}",1
13,False,"{'a': 0.4, 'e': 0.08749898343944727}",20,0,0.6243678898958034,"{0: 17, 1: 1, 2: 2, 3: 0, 4: 0}",0
14,False,"{'a': 0.4, 'e': 0.4685166713003771}",25,0,-61.907532229203994,"{0: 19, 1: 2, 2: 2, 3: 1, 4: 1}",0
15,False,"{'a': 0.4, 'e': 0.7755658785102502}",30,0,-71.00864222654275,"{0: 17, 1: 7, 2: 6, 3: 0, 4: 0}",0
16,False,"{'a': 0.4, 'e': 0.960170286650366}",25,12,4.8882644122481915,"{0: 12, 1: 0, 2: 1, 3: 0, 4: 0}",1
17,False,"{'a': 0.4, 'e': 0.9931849187581926}",30,0,-101.41301945534579,"{0: 20, 1: 2, 2: 7, 3: 0, 4: 1}",0
18,False,"{'a': 0.4, 'e': 0.8693974903498248}",25,0,-136.58779786160218,"{0: 14, 1: 3, 2: 6, 3: 0, 4: 2}",0
19,False,"{'a': 0.4, 'e': 0.6083513145322546}",20,0,-70.73453526384868,"{0: 15, 1: 0, 2: 3, 3: 1, 4: 1}",0
20,False,"{'a': 0.4, 'e': 0.25125984258225487}",25,17,2.746185961048119,"{0: 6, 1: 2, 2: 0, 3: 0, 4: 0}",1
21,False,"{'a': 0.4, 'e': 0.14550003380861354}",30,3,-55.82421589268023,"{0: 24, 1: 0, 2: 1, 3: 0, 4: 2}",1
22,False,"{'a': 0.4, 'e': 0.5192886541166856}",20,0,-27.1336298927751,"{0: 16, 1: 1, 2: 1, 3: 2, 4: 0}",0
23,False,"{'a': 0.4, 'e': 0.811093014061656}",25,0,-50.65506234989272,"{0: 20, 1: 1, 2: 3, 3: 0, 4: 1}",0
24,False,"{'a': 0.4, 'e': 0.974843621404164}",35,0,-195.50663133816212,"{0: 22, 1: 2, 2: 7, 3: 1, 4: 3}",0
25,False,"{'a': 0.4, 'e': 0.9846878557941267}",20,0,-46.66050878465639,"{0: 13, 1: 1, 2: 6, 3: 0, 4: 0}",0
26,False,"{'a': 0.4, 'e': 0.8390715290764524}",20,8,-29.75121316173582,"{0: 8, 1: 2, 2: 1, 3: 1, 4: 0}",1
27,False,"{'a': 0.4, 'e': 0.5609842574272288}",25,0,-37.5726198286745,"{0: 19, 1: 2, 2: 3, 3: 1, 4: 0}",0
28,False,"{'a': 0.4, 'e': 0.1943299064553348}",25,0,-124.12470575668408,"{0: 16, 1: 2, 2: 5, 3: 0, 4: 2}",0
29,False,"{'a': 0.4, 'e': 0.20300486381875213}",30,10,-33.771721514827966,"{0: 18, 1: 0, 2: 0, 3: 1, 4: 1}",1
30,False,"{'a': 0.4, 'e': 0.568289629767975}",30,0,-79.7429880784364,"{0: 23, 1: 2, 2: 2, 3: 2, 4: 1}",0
31,False,"{'a': 0.4, 'e': 0.8438539587324921}",20,0,-18.7626206771925,"{0: 15, 1: 3, 2: 2, 3: 0, 4: 0}",0
32,False,"{'a': 0.4, 'e': 0.9861923022788637}",20,0,-136.9431218283686,"{0: 9, 1: 3, 2: 5, 3: 2, 4: 1}",0
33,False,"{'a': 0.4, 'e': 0.9728325656974354}",30,0,-220.93261152539444,"{0: 17, 1: 2, 2: 5, 3: 3, 4: 3}",0
34,False,"{'a': 0.4, 'e': 0.8058839576404497}",25,16,-26.816992035527687,"{0: 6, 1: 1, 2: 1, 3: 1, 4: 0}",1
35,False,"{'a': 0.4, 'e': 0.5117039924531475}",25,0,-153.78137347222597,"{0: 19, 1: 0, 2: 2, 3: 0, 4: 4}",0
36,False,"{'a': 0.4, 'e': 0.1367372182078336}",30,12,-35.4753333060068,"{0: 15, 1: 1, 2: 0, 3: 1, 4: 1}",1
37,False,"{'a': 0.4, 'e': 0.25981735621375585}",30,0,-6.348015686528328,"{0: 26, 1: 2, 2: 1, 3: 1, 4: 0}",0
38,False,"{'a': 0.4, 'e': 0.6153524829547208}",20,9,8.990270623813139,"{0: 10, 1: 0, 2: 1, 3: 0, 4: 0}",1
39,False,"{'a': 0.4, 'e': 0.873736983011081}",25,6,-110.65326041929231,"{0: 11, 1: 2, 2: 3, 3: 2, 4: 1}",1
40,False,"{'a': 0.4, 'e': 0.9941776251838154}",30,15,-69.21818219515157,"{0: 8, 1: 2, 2: 3, 3: 2, 4: 0}",1
41,False,"{'a': 0.4, 'e': 0.9576594803233847}",20,0,-112.33666433021023,"{0: 10, 1: 3, 2: 5, 3: 1, 4: 1}",0
42,False,"{'a': 0.4, 'e': 0.7699479605420695}",25,0,-108.81776207179198,"{0: 16, 1: 4, 2: 3, 3: 0, 4: 2}",0
43,False,"{'a': 0.4, 'e': 0.46067858741136253}",20,12,12.140555814074467,"{0: 8, 1: 0, 2: 0, 3: 0, 4: 0}",1
44,False,"{'a': 0.4, 'e': 0.07867819473184015}",20,8,1.342804833625189,"{0: 11, 1: 0, 2: 0, 3: 1, 4: 0}",1
45,False,"{'a': 0.4, 'e': 0.31574375491924334}",25,11,-22.7264378944298,"{0: 11, 1: 0, 2: 2, 3: 1, 4: 0}",1
46,False,"{'a': 0.4, 'e': 0.6603167082440802}",20,0,-155.48219603179882,"{0: 14, 1: 1, 2: 1, 3: 0, 4: 4}",0
47,False,"{'a': 0.4, 'e': 0.90064017238477}",20,0,-50.84972222333078,"{0: 14, 1: 2, 2: 2, 3: 2, 4: 0}",0
48,False,"{'a': 0.4, 'e': 0.9987723565872102}",25,0,-177.3525237370362,"{0: 17, 1: 1, 2: 3, 3: 0, 4: 4}",0
49,False,"{'a': 0.4, 'e': 0.9392203466968696}",35,0,-317.87267251191577,"{0: 19, 1: 3, 2: 4, 3: 4, 4: 5}",0
50,False,"{'a': 0.4, 'e': 0.7313860956454967}",25,2,-188.07875409651217,"{0: 13, 1: 2, 2: 3, 3: 2, 4: 3}",1
51,False,"{'a': 0.4, 'e': 0.40808206181339196}",25,17,15.5734466371345,"{0: 8, 1: 0, 2: 0, 3: 0, 4: 0}",1
52,False,"{'a': 0.4, 'e': 0.02035084333167943}",25,14,13.28227263992203,"{0: 10, 1: 1, 2: 0, 3: 0, 4: 0}",1
53,False,"{'a': 0.4, 'e': 0.37059332583764143}",20,0,-48.58826849586803,"{0: 17, 1: 0, 2: 1, 3: 1, 4: 1}",0
54,False,"{'a': 0.4, 'e': 0.7030289574653885}",20,0,-132.12772437506038,"{0: 14, 1: 2, 2: 0, 3: 1, 4: 3}",0
55,False,"{'a': 0.4, 'e': 0.9244717749141217}",25,0,-191.1093598445411,"{0: 13, 1: 3, 2: 5, 3: 1, 4: 3}",0
56,False,"{'a': 0.4, 'e': 0.9999608263946371}",20,0,-65.05133112268899,"{0: 16, 1: 0, 2: 2, 3: 1, 4: 1}",0
57,False,"{'a': 0.4, 'e': 0.9175780505318598}",25,0,-53.67991462693829,"{0: 16, 1: 2, 2: 7, 3: 0, 4: 0}",0
58,False,"{'a': 0.4, 'e': 0.6903298762015725}",25,0,-67.01670821363392,"{0: 18, 1: 1, 2: 4, 3: 2, 4: 0}",0
59,False,"{'a': 0.4, 'e': 0.3540937933963556}",20,0,-11.018183569908404,"{0: 17, 1: 1, 2: 2, 3: 0, 4: 0}",1
60,False,"{'a': 0.4, 'e': 0.03804591356977048}",20,5,22.703713549995435,"{0: 14, 1: 1, 2: 0, 3: 0, 4: 0}",1
61,False,"{'a': 0.4, 'e': 0.424179007336997}",20,12,14.577416048134832,"{0: 8, 1: 0, 2: 0, 3: 0, 4: 0}",1
62,False,"{'a': 0.4, 'e': 0.7433435626961754}",25,14,-54.59384766978439,"{0: 8, 1: 0, 2: 1, 3: 1, 4: 1}",1
63,False,"{'a': 0.4, 'e': 0.9451505141481711}",20,1,-162.16363908725876,"{0: 10, 1: 1, 2: 5, 3: 0, 4: 3}",1
64,False,"{'a': 0.4, 'e': 0.9977389813911302}",20,0,-136.44202074237776,"{0: 12, 1: 0, 2: 5, 3: 1, 4: 2}",0
65,False,"{'a': 0.4, 'e': 0.8928064017629097}",30,0,-50.37725802103353,"{0: 25, 1: 0, 2: 2, 3: 3, 4: 0}",0
66,False,"{'a': 0.4, 'e': 0.6469193223286404}",20,5,-102.530665225893,"{0: 8, 1: 3, 2: 2, 3: 0, 4: 2}",1
67,False,"{'a': 0.4, 'e': 0.2988979063644682}",20,0,-74.1647254865842,"{0: 16, 1: 1, 2: 1, 3: 0, 4: 2}",0
68,False,"{'a': 0.4, 'e': 0.09631291684576058}",20,8,-0.3154891869434695,"{0: 11, 1: 0, 2: 0, 3: 1, 4: 0}",1
69,False,"{'a': 0.4, 'e': 0.4763180482150184}",30,12,3.7239388975091385,"{0: 16, 1: 0, 2: 2, 3: 0, 4: 0}",1
70,False,"{'a': 0.4, 'e': 0.7811230330551143}",25,0,-202.3065621822704,"{0: 11, 1: 7, 2: 2, 3: 2, 4: 3}",0
71,False,"{'a': 0.4, 'e': 0.9626058663135666}",20,0,-77.25322653410338,"{0: 9, 1: 5, 2: 6, 3: 0, 4: 0}",0
72,False,"{'a': 0.4, 'e': 0.9921143990644502}",35,4,-60.455464567704546,"{0: 22, 1: 3, 2: 5, 3: 1, 4: 0}",1
73,False,"{'a': 0.4, 'e': 0.8649898828201886}",20,0,-110.96889408859161,"{0: 13, 1: 1, 2: 4, 3: 0, 4: 2}",0
74,False,"{'a': 0.4, 'e': 0.6013024834811519}",30,0,-65.81474796651071,"{0: 26, 1: 1, 2: 0, 3: 1, 4: 2}",0
75,False,"{'a': 0.4, 'e': 0.24268264344292018}",20,6,-61.001341254294,"{0: 10, 1: 0, 2: 2, 3: 1, 4: 1}",1
76,False,"{'a': 0.4, 'e': 0.15425144988758405}",25,5,18.645591704567597,"{0: 18, 1: 1, 2: 1, 3: 0, 4: 0}",1
77,False,"{'a': 0.4, 'e': 0.5268326309626121}",30,0,-57.05108109024935,"{0: 23, 1: 2, 2: 4, 3: 0, 4: 1}",0
78,False,"{'a': 0.4, 'e': 0.8162385236075703}",20,0,-75.42387081924902,"{0: 14, 1: 1, 2: 3, 3: 1, 4: 1}",0
79,False,"{'a': 0.4, 'e': 0.9767783008322618}",30,0,-141.17180930082137,"{0: 16, 1: 4, 2: 8, 3: 1, 4: 1}",0
80,False,"{'a': 0.4, 'e': 0.983106261762453}",20,0,-118.44917494496056,"{0: 12, 1: 2, 2: 4, 3: 0, 4: 2}",0
81,False,"{'a': 0.4, 'e': 0.8342233605065102}",20,0,-136.75912105872573,"{0: 11, 1: 2, 2: 4, 3: 1, 4: 2}",0
82,False,"{'a': 0.4, 'e': 0.553634933534655}",20,8,-48.00498165625199,"{0: 9, 1: 0, 2: 2, 3: 0, 4: 1}",1
83,False,"{'a': 0.4, 'e': 0.18563972388578434}",25,0,-28.5094322907293,"{0: 22, 1: 0, 2: 2, 3: 0, 4: 1}",0
84,False,"{'a': 0.4, 'e': 0.2116639163173255}",30,0,-10.596017688607063,"{0: 27, 1: 2, 2: 0, 3: 0, 4: 1}",0
85,False,"{'a': 0.4, 'e': 0.5755504782013432}",25,0,-46.35642954146423,"{0: 20, 1: 0, 2: 4, 3: 0, 4: 1}",0
86,False,"{'a': 0.4, 'e': 0.8485702747846052}",25,0,-158.14468028589755,"{0: 16, 1: 3, 2: 2, 3: 1, 4: 3}",0
87,False,"{'a': 0.4, 'e': 0.9876194833474773}",25,0,-139.47203849064974,"{0: 14, 1: 4, 2: 5, 3: 0, 4: 2}",0
88,False,"{'a': 0.4, 'e': 0.9707452912726807}",25,17,-12.024037756634453,"{0: 6, 1: 0, 2: 2, 3: 0, 4: 0}",1
89,False,"{'a': 0.4, 'e': 0.8006117624589936}",20,0,-50.613994315365474,"{0: 12, 1: 2, 2: 6, 3: 0, 4: 0}",0
90,False,"{'a': 0.4, 'e': 0.504079240209085}",25,15,-9.677515093879178,"{0: 7, 1: 2, 2: 1, 3: 0, 4: 0}",1
91,False,"{'a': 0.4, 'e': 0.12796368962740468}",30,0,34.384101413133074,"{0: 29, 1: 1, 2: 0, 3: 0, 4: 0}",0
92,False,"{'a': 0.4, 'e': 0.26835451388009673}",25,3,-66.71667533787347,"{0: 17, 1: 0, 2: 3, 3: 1, 4: 1}",1
93,False,"{'a': 0.4, 'e': 0.6223054402265364}",25,0,-134.30092858826944,"{0: 15, 1: 2, 2: 5, 3: 1, 4: 2}",0
94,False,"{'a': 0.4, 'e': 0.8780080208168103}",30,0,-75.27867330608716,"{0: 23, 1: 1, 2: 4, 3: 1, 4: 1}",0
95,False,"{'a': 0.4, 'e': 0.9950924405655388}",20,0,-128.34078128964808,"{0: 12, 1: 0, 2: 6, 3: 0, 4: 2}",0
96,False,"{'a': 0.4, 'e': 0.9550736440472949}",25,0,-130.37946939654876,"{0: 14, 1: 5, 2: 3, 3: 1, 4: 2}",0
97,False,"{'a': 0.4, 'e': 0.7642697192987757}",25,0,-107.36074268569485,"{0: 15, 1: 2, 2: 7, 3: 0, 4: 1}",0
98,False,"{'a': 0.4, 'e': 0.4528044106399808}",20,0,-11.679496545191299,"{0: 19, 1: 0, 2: 0, 3: 0, 4: 1}",0
99,False,"{'a': 0.4, 'e': 0.0698512418071273}",25,7,-11.777868305909545,"{0: 17, 1: 0, 2: 0, 3: 0, 4: 1}",1
100,False,"{'a': 0.4, 'e': 0.3241299022175636}",25,0,-10.48573591551892,"{0: 22, 1: 1, 2: 0, 3: 2, 4: 0}",0
101,False,"{'a': 0.4, 'e': 0.6669380616522619}",20,0,-130.8045860384334,"{0: 12, 1: 3, 2: 1, 3: 2, 4: 2}",0
102,False,"{'a': 0.4, 'e': 0.9044513657900196}",25,2,-35.416871928173244,"{0: 15, 1: 5, 2: 3, 3: 0, 4: 0}",1
103,False,"{'a': 0.4, 'e': 0.9991716863513789}",20,10,9.135802191417703,"{0: 9, 1: 1, 2: 0, 3: 0, 4: 0}",1
104,False,"{'a': 0.4, 'e': 0.9361447674306613}",20,0,-34.32801606811765,"{0: 15, 1: 1, 2: 3, 3: 1, 4: 0}",0
105,False,"{'a': 0.4, 'e': 0.7253211736891915}",20,0,-20.90327328942689,"{0: 16, 1: 1, 2: 2, 3: 1, 4: 0}",0
106,False,"{'a': 0.4, 'e': 0.39998531498835127}",20,12,13.7524130520878,"{0: 8, 1: 0, 2: 0, 3: 0, 4: 0}",1
107,False,"{'a': 0.4, 'e': 0.011500569930257757}",20,11,16.195798577313674,"{0: 9, 1: 0, 2: 0, 3: 0, 4: 0}",1
108,False,"{'a': 0.4, 'e': 0.37879986224521894}",25,0,23.1644559876242,"{0: 24, 1: 1, 2: 0, 3: 0, 4: 0}",0
109,False,"{'a': 0.4, 'e': 0.7092961252257328}",25,6,-54.753242125202426,"{0: 12, 1: 2, 2: 4, 3: 1, 4: 0}",1
110,False,"{'a': 0.4, 'e': 0.9278101260403985}",20,0,-190.2891073981006,"{0: 10, 1: 2, 2: 3, 3: 2, 4: 3}",0
111,False,"{'a': 0.4, 'e': 0.9998433086476912}",25,0,-102.06094710040097,"{0: 15, 1: 4, 2: 4, 3: 1, 4: 1}",0
112,False,"{'a': 0.4, 'e': 0.9140232173799515}",20,0,-71.37694838889978,"{0: 12, 1: 0, 2: 7, 3: 1, 4: 0}",0
113,False,"{'a': 0.4, 'e': 0.6838989576356965}",20,9,-0.5604033451229649,"{0: 8, 1: 3, 2: 0, 3: 0, 4: 0}",1
114,False,"{'a': 0.4, 'e': 0.3458020900549924}",20,15,7.209679403728039,"{0: 5, 1: 0, 2: 0, 3: 0, 4: 0}",1
115,False,"{'a': 0.4, 'e': 0.046889324047043116}",20,13,13.253492254218232,"{0: 7, 1: 0, 2: 0, 3: 0, 4: 0}",1
116,False,"{'a': 0.4, 'e': 0.4321779448847783}",30,0,-72.18374932388946,"{0: 22, 1: 1, 2: 6, 3: 0, 4: 1}",0
117,False,"{'a': 0.4, 'e': 0.749235170956358}",20,4,-32.86882792048386,"{0: 11, 1: 2, 2: 2, 3: 1, 4: 0}",1
118,False,"{'a': 0.4, 'e': 0.9480046377211855}",25,0,-54.61571947679194,"{0: 17, 1: 4, 2: 2, 3: 2, 4: 0}",0
119,False,"{'a': 0.4, 'e': 0.9971050169212831}",20,0,-21.212086021145208,"{0: 15, 1: 3, 2: 2, 3: 0, 4: 0}",0
120,False,"{'a': 0.4, 'e': 0.8887844383003768}",25,0,-87.51425035285334,"{0: 16, 1: 2, 2: 6, 3: 0, 4: 1}",0
121,False,"{'a': 0.4, 'e': 0.6401443394691997}",20,8,-24.656273932131207,"{0: 9, 1: 0, 2: 2, 3: 1, 4: 0}",1
122,False,"{'a': 0.4, 'e': 0.2904395249332599}",25,8,27.004109258226368,"{0: 17, 1: 0, 2: 0, 3: 0, 4: 0}",1
123,False,"{'a': 0.4, 'e': 0.1051193044036857}",20,12,12.496417669664536,"{0: 8, 1: 0, 2: 0, 3: 0, 4: 0}",1
124,False,"{'a': 0.4, 'e': 0.48408210693916126}",20,0,-17.881436994250986,"{0: 18, 1: 1, 2: 0, 3: 0, 4: 1}",0
125,False,"{'a': 0.4, 'e': 0.7866189887891044}",20,0,-54.22086107967392,"{0: 15, 1: 1, 2: 3, 3: 0, 4: 1}",0
126,False,"{'a': 0.4, 'e': 0.9649660284921133}",20,0,-226.49040478381093,"{0: 9, 1: 0, 2: 7, 3: 0, 4: 4}",0
127,False,"{'a': 0.4, 'e': 0.99096614997482}",25,1,-129.43935436349184,"{0: 16, 1: 1, 2: 4, 3: 1, 4: 2}",1
128,False,"{'a': 0.4, 'e': 0.8605145057459257}",20,0,-40.53675652448455,"{0: 13, 1: 3, 2: 4, 3: 0, 4: 0}",0
129,False,"{'a': 0.4, 'e': 0.5942065420576682}",20,0,-66.53144238342463,"{0: 13, 1: 2, 2: 3, 3: 2, 4: 0}",0
130,False,"{'a': 0.4, 'e': 0.23408643079538105}",25,0,-49.40238680904478,"{0: 23, 1: 0, 2: 0, 3: 0, 4: 2}",1
131,False,"{'a': 0.4, 'e': 0.16299078079570548}",20,12,14.729849655150666,"{0: 8, 1: 0, 2: 0, 3: 0, 4: 0}",1
132,False,"{'a': 0.4, 'e': 0.5343353319413849}",25,0,-94.39196739766244,"{0: 17, 1: 1, 2: 5, 3: 1, 4: 1}",0
133,False,"{'a': 0.4, 'e': 0.8213200831418752}",30,0,-191.50518273366092,"{0: 19, 1: 1, 2: 5, 3: 2, 4: 3}",0
134,False,"{'a': 0.4, 'e': 0.9786364524049915}",20,16,7.011547773992575,"{0: 4, 1: 0, 2: 0, 3: 0, 4: 0}",1
135,False,"{'a': 0.4, 'e': 0.9814476440973232}",20,0,-25.788085571260844,"{0: 13, 1: 6, 2: 1, 3: 0, 4: 0}",0
136,False,"{'a': 0.4, 'e': 0.8293098328631502}",30,0,-75.38998952434959,"{0: 18, 1: 4, 2: 8, 3: 0, 4: 0}",0
137,False,"{'a': 0.4, 'e': 0.5462422338892708}",25,0,-64.15321623746586,"{0: 18, 1: 2, 2: 4, 3: 0, 4: 1}",0
138,False,"{'a': 0.4, 'e': 0.176934996961671}",20,5,5.482400837754161,"{0: 14, 1: 0, 2: 0, 3: 1, 4: 0}",1
139,False,"{'a': 0.4, 'e': 0.2203063855384424}",25,3,30.716596677837096,"{0: 21, 1: 1, 2: 0, 3: 0, 4: 0}",1
140,False,"{'a': 0.4, 'e': 0.5827662338601124}",25,7,-15.850840181919873,"{0: 13, 1: 3, 2: 2, 3: 0, 4: 0}",1
141,False,"{'a': 0.4, 'e': 0.8532201077225842}",20,0,-58.304673537389476,"{0: 15, 1: 1, 2: 3, 3: 0, 4: 1}",0
142,False,"{'a': 0.4, 'e': 0.9889692871843135}",20,11,-30.825155462291,"{0: 5, 1: 2, 2: 1, 3: 1, 4: 0}",1
143,False,"{'a': 0.4, 'e': 0.9685819616620305}",30,0,-213.29470041380694,"{0: 17, 1: 3, 2: 6, 3: 0, 4: 4}",0
144,False,"{'a': 0.4, 'e': 0.7952768415790757}",20,0,-5.982447936420375,"{0: 16, 1: 2, 2: 2, 3: 0, 4: 0}",0
145,False,"{'a': 0.4, 'e': 0.4964149947625673}",20,0,-78.72546915862324,"{0: 14, 1: 4, 2: 0, 3: 0, 4: 2}",0
146,False,"{'a': 0.4, 'e': 0.11918013544881928}",20,7,23.420648679360788,"{0: 13, 1: 0, 2: 0, 3: 0, 4: 0}",1
147,False,"{'a': 0.4, 'e': 0.276870646718798}",30,13,-13.10364188028163,"{0: 14, 1: 0, 2: 2, 3: 1, 4: 0}",1
148,False,"{'a': 0.4, 'e': 0.6292096416028881}",20,0,-34.11275599886936,"{0: 14, 1: 1, 2: 5, 3: 0, 4: 0}",0
149,False,"{'a': 0.4, 'e': 0.882210269143113}",25,0,-161.25028649262114,"{0: 12, 1: 5, 2: 5, 3: 1, 4: 2}",0
150,False,"{'a': 0.4, 'e': 0.9959292932301297}",20,0,-231.6679335564833,"{0: 9, 1: 0, 2: 6, 3: 1, 4: 4}",0
151,False,"{'a': 0.4, 'e': 0.9524129804151563}",30,0,-95.50326074265216,"{0: 21, 1: 2, 2: 5, 3: 1, 4: 1}",0
152,False,"{'a': 0.4, 'e': 0.758531599654735}",20,0,-120.86906464441289,"{0: 13, 1: 0, 2: 4, 3: 1, 4: 2}",0
153,False,"{'a': 0.4, 'e': 0.4448947579060243}",30,0,-5.7059271517448185,"{0: 26, 1: 1, 2: 3, 3: 0, 4: 0}",0
154,False,"{'a': 0.4, 'e': 0.061018816232456675}",30,20,13.12017607832615,"{0: 10, 1: 0, 2: 0, 3: 0, 4: 0}",1
155,False,"{'a': 0.4, 'e': 0.33249065484213236}",20,0,28.94278022574695,"{0: 20, 1: 0, 2: 0, 3: 0, 4: 0}",0
156,False,"{'a': 0.4, 'e': 0.6735071623235862}",25,0,-44.387144534019484,"{0: 19, 1: 3, 2: 2, 3: 0, 4: 1}",0
157,False,"{'a': 0.4, 'e': 0.9081916979535211}",30,11,-133.23726179143756,"{0: 12, 1: 2, 2: 2, 3: 0, 4: 3}",1
158,False,"{'a': 0.4, 'e': 0.9994927338008855}",30,0,-96.7353183773699,"{0: 21, 1: 3, 2: 4, 3: 1, 4: 1}",0
159,False,"{'a': 0.4, 'e': 0.9329958438330894}",20,0,-103.952431701847,"{0: 11, 1: 2, 2: 5, 3: 1, 4: 1}",0
160,False,"{'a': 0.4, 'e': 0.7191994248420474}",25,0,-40.173372446336536,"{0: 21, 1: 1, 2: 2, 3: 0, 4: 1}",0
161,False,"{'a': 0.4, 'e': 0.39185723042955}",25,0,9.440742044059949,"{0: 23, 1: 0, 2: 2, 3: 0, 4: 0}",0
162,False,"{'a': 0.4, 'e': 0.0026493954912638444}",20,0,22.39322705442046,"{0: 19, 1: 0, 2: 1, 3: 0, 4: 0}",1
1,True,"{'a': 0.0, 'e': 0.0}",25,1,35.548546317308684,"{0: 24, 1: 0, 2: 0, 3: 0, 4: 0}",1
2,True,"{'a': 0.0, 'e': 0.0}",20,14,9.70091058932054,"{0: 6, 1: 0, 2: 0, 3: 0, 4: 0}",1
3,True,"{'a': 0.0, 'e': 0.0}",30,16,22.223349111047945,"{0: 14, 1: 0, 2: 0, 3: 0, 4: 0}",1
4,True,"{'a': 0.0, 'e': 0.0}",20,13,14.749484010296104,"{0: 7, 1: 0, 2: 0, 3: 0, 4: 0}",1
5,True,"{'a': 0.0, 'e': 0.0}",25,16,14.913649704879832,"{0: 9, 1: 0, 2: 0, 3: 0, 4: 0}",1
6,True,"{'a': 0.0, 'e': 0.0}",30,22,11.894800355782344,"{0: 8, 1: 0, 2: 0, 3: 0, 4: 0}",1
7,True,"{'a': 0.0, 'e': 0.0}",30,20,18.226020059094452,"{0: 10, 1: 0, 2: 0, 3: 0, 4: 0}",1
8,True,"{'a': 0.0, 'e': 0.0}",25,17,15.747664647113778,"{0: 8, 1: 0, 2: 0, 3: 0, 4: 0}",1
9,True,"{'a': 0.0, 'e': 0.0}",25,0,34.938854499222984,"{0: 25, 1: 0, 2: 0, 3: 0, 4: 0}",0
10,True,"{'a': 0.0, 'e': 0.0}",20,13,14.871972968576626,"{0: 7, 1: 0, 2: 0, 3: 0, 4: 0}",1
11,True,"{'a': 0.0, 'e': 0.0}",25,14,18.4188563305764,"{0: 11, 1: 0, 2: 0, 3: 0, 4: 0}",1
12,True,"{'a': 0.0, 'e': 0.0}",30,15,26.670472019720307,"{0: 15, 1: 0, 2: 0, 3: 0, 4: 0}",1
13,True,"{'a': 0.0, 'e': 0.0}",20,10,18.382932254167184,"{0: 10, 1: 0, 2: 0, 3: 0, 4: 0}",1
14,True,"{'a': 0.0, 'e': 0.0}",20,1,-12.215452540183422,"{0: 18, 1: 0, 2: 0, 3: 0, 4: 1}",1
15,True,"{'a': 0.0, 'e': 0.0}",30,21,15.914795306946052,"{0: 9, 1: 0, 2: 0, 3: 0, 4: 0}",1
16,True,"{'a': 0.0, 'e': 0.0}",20,8,17.475818855958188,"{0: 12, 1: 0, 2: 0, 3: 0, 4: 0}",1
17,True,"{'a': 0.0, 'e': 0.0}",25,14,20.995456226236207,"{0: 11, 1: 0, 2: 0, 3: 0, 4: 0}",1
18,True,"{'a': 0.0, 'e': 0.0}",35,21,15.721182853991273,"{0: 13, 1: 0, 2: 1, 3: 0, 4: 0}",1
19,True,"{'a': 0.0, 'e': 0.0}",20,0,32.38949343541327,"{0: 20, 1: 0, 2: 0, 3: 0, 4: 0}",0
20,True,"{'a': 0.0, 'e': 0.0}",30,10,36.38510631922005,"{0: 20, 1: 0, 2: 0, 3: 0, 4: 0}",1
21,True,"{'a': 0.0, 'e': 0.0}",25,10,31.08286982389265,"{0: 15, 1: 0, 2: 0, 3: 0, 4: 0}",1
22,True,"{'a': 0.0, 'e': 0.0}",25,15,15.505944510251732,"{0: 10, 1: 0, 2: 0, 3: 0, 4: 0}",1
23,True,"{'a': 0.0, 'e': 0.0}",20,12,13.274952422366699,"{0: 8, 1: 0, 2: 0, 3: 0, 4: 0}",1
24,True,"{'a': 0.0, 'e': 0.0}",20,2,33.841505405589274,"{0: 18, 1: 0, 2: 0, 3: 0, 4: 0}",1
25,True,"{'a': 0.0, 'e': 0.0}",25,20,7.644453206528111,"{0: 5, 1: 0, 2: 0, 3: 0, 4: 0}",1
26,True,"{'a': 0.0, 'e': 0.0}",25,11,26.57841223132664,"{0: 14, 1: 0, 2: 0, 3: 0, 4: 0}",1
27,True,"{'a': 0.0, 'e': 0.0}",25,13,22.82354954002045,"{0: 12, 1: 0, 2: 0, 3: 0, 4: 0}",1
28,True,"{'a': 0.0, 'e': 0.0}",30,7,2.8071937684533834,"{0: 22, 1: 0, 2: 0, 3: 0, 4: 1}",1
29,True,"{'a': 0.0, 'e': 0.0}",20,14,10.019114479699878,"{0: 6, 1: 0, 2: 0, 3: 0, 4: 0}",1
30,True,"{'a': 0.0, 'e': 0.0}",25,14,8.835114087606483,"{0: 10, 1: 1, 2: 0, 3: 0, 4: 0}",1
31,True,"{'a': 0.0, 'e': 0.0}",25,0,-2.0005463270020085,"{0: 24, 1: 0, 2: 0, 3: 0, 4: 1}",0
32,True,"{'a': 0.0, 'e': 0.0}",35,20,32.575348741097756,"{0: 15, 1: 0, 2: 0, 3: 0, 4: 0}",1
33,True,"{'a': 0.0, 'e': 0.0}",30,18,18.531225359594384,"{0: 12, 1: 0, 2: 0, 3: 0, 4: 0}",1
34,True,"{'a': 0.0, 'e': 0.0}",25,14,20.32430536153369,"{0: 11, 1: 0, 2: 0, 3: 0, 4: 0}",1
35,True,"{'a': 0.0, 'e': 0.0}",25,0,-7.887340630461004,"{0: 23, 1: 0, 2: 1, 3: 0, 4: 1}",0
36,True,"{'a': 0.0, 'e': 0.0}",35,17,27.968750218575902,"{0: 18, 1: 0, 2: 0, 3: 0, 4: 0}",1
37,True,"{'a': 0.0, 'e': 0.0}",30,2,3.2787205602650884,"{0: 27, 1: 0, 2: 0, 3: 0, 4: 1}",1
38,True,"{'a': 0.0, 'e': 0.0}",25,8,23.894256807985542,"{0: 16, 1: 1, 2: 0, 3: 0, 4: 0}",1
39,True,"{'a': 0.0, 'e': 0.0}",20,5,24.39037206146422,"{0: 15, 1: 0, 2: 0, 3: 0, 4: 0}",1
40,True,"{'a': 0.0, 'e': 0.0}",25,14,20.310340000345356,"{0: 11, 1: 0, 2: 0, 3: 0, 4: 0}",1
41,True,"{'a': 0.0, 'e': 0.0}",30,15,25.10512622261927,"{0: 15, 1: 0, 2: 0, 3: 0, 4: 0}",1
42,True,"{'a': 0.0, 'e': 0.0}",25,10,24.22638617623452,"{0: 15, 1: 0, 2: 0, 3: 0, 4: 0}",1
43,True,"{'a': 0.0, 'e': 0.0}",20,0,34.525472879376565,"{0: 20, 1: 0, 2: 0, 3: 0, 4: 0}",0
44,True,"{'a': 0.0, 'e': 0.0}",25,15,24.02401899121903,"{0: 10, 1: 0, 2: 0, 3: 0, 4: 0}",1
45,True,"{'a': 0.0, 'e': 0.0}",20,11,17.063336508220665,"{0: 9, 1: 0, 2: 0, 3: 0, 4: 0}",1
46,True,"{'a': 0.0, 'e': 0.0}",30,5,43.35636747851096,"{0: 25, 1: 0, 2: 0, 3: 0, 4: 0}",1
47,True,"{'a': 0.0, 'e': 0.0}",35,19,28.587351803854503,"{0: 16, 1: 0, 2: 0, 3: 0, 4: 0}",1
48,True,"{'a': 0.0, 'e': 0.0}",25,7,28.165414242551364,"{0: 18, 1: 0, 2: 0, 3: 0, 4: 0}",1
49,True,"{'a': 0.0, 'e': 0.0}",20,0,27.86183993374538,"{0: 20, 1: 0, 2: 0, 3: 0, 4: 0}",0
50,True,"{'a': 0.0, 'e': 0.0}",20,0,26.571564596927644,"{0: 20, 1: 0, 2: 0, 3: 0, 4: 0}",0
51,True,"{'a': 0.0, 'e': 0.0}",20,10,16.212490926671375,"{0: 10, 1: 0, 2: 0, 3: 0, 4: 0}",1
52,True,"{'a': 0.0, 'e': 0.0}",20,12,14.874652128619108,"{0: 8, 1: 0, 2: 0, 3: 0, 4: 0}",1
53,True,"{'a': 0.0, 'e': 0.0}",30,18,19.140440090092003,"{0: 12, 1: 0, 2: 0, 3: 0, 4: 0}",1
54,True,"{'a': 0.0, 'e': 0.0}",20,11,16.173817165565104,"{0: 9, 1: 0, 2: 0, 3: 0, 4: 0}",1
55,True,"{'a': 0.0, 'e': 0.0}",20,10,18.887451883253952,"{0: 10, 1: 0, 2: 0, 3: 0, 4: 0}",1
56,True,"{'a': 0.0, 'e': 0.0}",20,16,9.000547602818825,"{0: 4, 1: 0, 2: 0, 3: 0, 4: 0}",1
57,True,"{'a': 0.0, 'e': 0.0}",20,6,-19.468584081049606,"{0: 13, 1: 0, 2: 0, 3: 0, 4: 1}",1
58,True,"{'a': 0.0, 'e': 0.0}",25,0,40.82230086544044,"{0: 25, 1: 0, 2: 0, 3: 0, 4: 0}",0
59,True,"{'a': 0.0, 'e': 0.0}",25,14,24.06917455685802,"{0: 11, 1: 0, 2: 0, 3: 0, 4: 0}",1
60,True,"{'a': 0.0, 'e': 0.0}",20,10,-20.797788468016,"{0: 9, 1: 0, 2: 0, 3: 0, 4: 1}",1
61,True,"{'a': 0.0, 'e': 0.0}",20,8,21.18963507947632,"{0: 12, 1: 0, 2: 0, 3: 0, 4: 0}",1
62,True,"{'a': 0.0, 'e': 0.0}",25,16,17.518705787504203,"{0: 9, 1: 0, 2: 0, 3: 0, 4: 0}",1
63,True,"{'a': 0.0, 'e': 0.0}",20,11,14.581324672244296,"{0: 9, 1: 0, 2: 0, 3: 0, 4: 0}",1
64,True,"{'a': 0.0, 'e': 0.0}",20,6,25.212855098079473,"{0: 14, 1: 0, 2: 0, 3: 0, 4: 0}",1
65,True,"{'a': 0.0, 'e': 0.0}",20,4,13.06284666295825,"{0: 14, 1: 2, 2: 0, 3: 0, 4: 0}",1
66,True,"{'a': 0.0, 'e': 0.0}",30,14,26.076944928167993,"{0: 16, 1: 0, 2: 0, 3: 0, 4: 0}",1
67,True,"{'a': 0.0, 'e': 0.0}",25,18,13.202639288919102,"{0: 7, 1: 0, 2: 0, 3: 0, 4: 0}",1
68,True,"{'a': 0.0, 'e': 0.0}",20,0,3.389117480600979,"{0: 19, 1: 0, 2: 0, 3: 1, 4: 0}",0
69,True,"{'a': 0.0, 'e': 0.0}",20,15,7.777729883636153,"{0: 5, 1: 0, 2: 0, 3: 0, 4: 0}",1
70,True,"{'a': 0.0, 'e': 0.0}",25,18,11.821816207255242,"{0: 7, 1: 0, 2: 0, 3: 0, 4: 0}",1
71,True,"{'a': 0.0, 'e': 0.0}",25,8,28.2076898579758,"{0: 17, 1: 0, 2: 0, 3: 0, 4: 0}",1
72,True,"{'a': 0.0, 'e': 0.0}",25,16,12.477619079455462,"{0: 9, 1: 0, 2: 0, 3: 0, 4: 0}",1
73,True,"{'a': 0.0, 'e': 0.0}",20,3,15.335592479527973,"{0: 16, 1: 0, 2: 1, 3: 0, 4: 0}",1
74,True,"{'a': 0.0, 'e': 0.0}",30,21,15.666580039043858,"{0: 9, 1: 0, 2: 0, 3: 0, 4: 0}",1
75,True,"{'a': 0.0, 'e': 0.0}",20,14,11.090094375438431,"{0: 6, 1: 0, 2: 0, 3: 0, 4: 0}",1
76,True,"{'a': 0.0, 'e': 0.0}",20,16,9.130840284996392,"{0: 4, 1: 0, 2: 0, 3: 0, 4: 0}",1
77,True,"{'a': 0.0, 'e': 0.0}",20,4,4.610242146449821,"{0: 15, 1: 0, 2: 0, 3: 1, 4: 0}",1
78,True,"{'a': 0.0, 'e': 0.0}",25,9,28.814569660856215,"{0: 16, 1: 0, 2: 0, 3: 0, 4: 0}",1
79,True,"{'a': 0.0, 'e': 0.0}",20,13,16.385461924130354,"{0: 7, 1: 0, 2: 0, 3: 0, 4: 0}",1
80,True,"{'a': 0.0, 'e': 0.0}",20,12,16.809234431537533,"{0: 8, 1: 0, 2: 0, 3: 0, 4: 0}",1
81,True,"{'a': 0.0, 'e': 0.0}",20,8,11.922046867576839,"{0: 11, 1: 1, 2: 0, 3: 0, 4: 0}",1
82,True,"{'a': 0.0, 'e': 0.0}",20,11,13.150341414784847,"{0: 9, 1: 0, 2: 0, 3: 0, 4: 0}",1
83,True,"{'a': 0.0, 'e': 0.0}",25,8,18.27240078163059,"{0: 16, 1: 1, 2: 0, 3: 0, 4: 0}",1
84,True,"{'a': 0.0, 'e': 0.0}",25,3,35.756908755985954,"{0: 22, 1: 0, 2: 0, 3: 0, 4: 0}",1
85,True,"{'a': 0.0, 'e': 0.0}",25,14,21.8811365204617,"{0: 11, 1: 0, 2: 0, 3: 0, 4: 0}",1
86,True,"{'a': 0.0, 'e': 0.0}",20,14,4.206762268981262,"{0: 5, 1: 1, 2: 0, 3: 0, 4: 0}",1
87,True,"{'a': 0.0, 'e': 0.0}",25,2,35.135436346077825,"{0: 23, 1: 0, 2: 0, 3: 0, 4: 0}",1
88,True,"{'a': 0.0, 'e': 0.0}",20,6,26.264353707208652,"{0: 14, 1: 0, 2: 0, 3: 0, 4: 0}",1
89,True,"{'a': 0.0, 'e': 0.0}",20,14,11.004346614720347,"{0: 6, 1: 0, 2: 0, 3: 0, 4: 0}",1
90,True,"{'a': 0.0, 'e': 0.0}",25,13,22.377816836819132,"{0: 12, 1: 0, 2: 0, 3: 0, 4: 0}",1
91,True,"{'a': 0.0, 'e': 0.0}",25,7,29.41699655116208,"{0: 18, 1: 0, 2: 0, 3: 0, 4: 0}",1
92,True,"{'a': 0.0, 'e': 0.0}",20,11,15.378914250658399,"{0: 9, 1: 0, 2: 0, 3: 0, 4: 0}",1
93,True,"{'a': 0.0, 'e': 0.0}",25,10,13.418249302394031,"{0: 14, 1: 0, 2: 1, 3: 0, 4: 0}",1
94,True,"{'a': 0.0, 'e': 0.0}",20,14,-13.597124318807216,"{0: 5, 1: 0, 2: 0, 3: 1, 4: 0}",1
95,True,"{'a': 0.0, 'e': 0.0}",25,3,36.624216515618194,"{0: 22, 1: 0, 2: 0, 3: 0, 4: 0}",1
96,True,"{'a': 0.0, 'e': 0.0}",20,0,29.90004468957862,"{0: 20, 1: 0, 2: 0, 3: 0, 4: 0}",0
97,True,"{'a': 0.0, 'e': 0.0}",20,2,29.44509828390982,"{0: 18, 1: 0, 2: 0, 3: 0, 4: 0}",1
98,True,"{'a': 0.0, 'e': 0.0}",30,16,29.989304275087918,"{0: 14, 1: 0, 2: 0, 3: 0, 4: 0}",1
99,True,"{'a': 0.0, 'e': 0.0}",20,6,28.10580919103822,"{0: 14, 1: 0, 2: 0, 3: 0, 4: 0}",1
100,True,"{'a': 0.0, 'e': 0.0}",20,12,13.648625087812254,"{0: 8, 1: 0, 2: 0, 3: 0, 4: 0}",1
